,best_score_precision,best_C,clf,time,max_features,min_dfs,max_dfs,ngram_ranges
0,0.00016625103906899418,0.2782559402207126,logreg,3.3725021999998717,10.0,0.1,1.0,"(1, 1)"
1,0.0,1e-06,svm,22.681197999998403,10.0,0.1,1.0,"(1, 1)"
