,best_score,best_C,clf,time,max_features,min_dfs,max_dfs,ngram_ranges
0,0.8690833877639887,0.2782559402207126,logreg,4.117248999998992,10.0,0.1,1.0,"(1, 1)"
1,0.8690616155018507,1e-06,svm,21.857119300002523,10.0,0.1,1.0,"(1, 1)"
